
-----------**----------------------DropDataBase------------------------------------*****---

---DROP DATABASE IF EXISTS "RH_PSICollaboratorManagementDB";

--------------------------------------------------------------------------------------------
---------------------------------CreateDataBase---------------------------------------------
--------------------------------------------------------------------------------------------

--CREATE DATABASE "RH_PSICollaboratorManagementDB";

--------------------------------------------------------------------------------------------
-------------------------------CreateUserPermisses------------------------------------------
--------------------------------------------------------------------------------------------

CREATE USER RH_PSICollaboratorManagementDB WITH LOGIN NOSUPERUSER NOCREATEDB NOCREATEROLE INHERIT NOREPLICATION CONNECTION LIMIT -1 PASSWORD 'PSICOLLABORATORMgr';
GRANT USAGE ON SCHEMA public TO RH_PSICollaboratorManagementDB;
GRANT SELECT, INSERT, UPDATE, DELETE ON ALL TABLES IN SCHEMA public TO RH_PSICollaboratorManagementDB;
GRANT ALL PRIVILEGES ON ALL SEQUENCES IN SCHEMA public TO RH_PSICollaboratorManagementDB;
ALTER DEFAULT PRIVILEGES IN SCHEMA public GRANT SELECT, INSERT, UPDATE, DELETE ON TABLES TO RH_PSICollaboratorManagementDB;
ALTER DEFAULT PRIVILEGES IN SCHEMA public GRANT SELECT, USAGE ON SEQUENCES TO RH_PSICollaboratorManagementDB;

----------------------------------TABLES---------------------------------------------------

CREATE TABLE IF NOT EXISTS UserRole
(
    RoleId integer PRIMARY KEY GENERATED BY DEFAULT AS IDENTITY ( INCREMENT 1 START 1 MINVALUE 1 MAXVALUE 2147483647 CACHE 1 ),
    RoleName character varying(50) NOT NULL,
    Description character varying
);

CREATE TABLE IF NOT EXISTS UserAccount
(
    UserAccountId integer PRIMARY KEY GENERATED BY DEFAULT AS IDENTITY ( INCREMENT 1 START 1 MINVALUE 1 MAXVALUE 2147483647 CACHE 1 ),
    UserName character varying(255) NOT NULL,
    FirstName character varying(50) NOT NULL,
    LastName character varying(50) NOT NULL,
    Email character varying(255) NOT NULL,
    Telephone1 character varying(20) NOT NULL,
    NeedPasswordChange boolean,
    IsLockedOut boolean,
    LockoutEndTime timestamp without time zone,
    IsActive boolean
);

CREATE TABLE IF NOT EXISTS RolesByUser
(
    RoleId integer REFERENCES UserRole (RoleId) NOT NULL,
    UserAccountId integer REFERENCES UserAccount (UserAccountId) NOT NULL,
    PRIMARY KEY (RoleId, UserAccountId)
);

CREATE TABLE IF NOT EXISTS Address_Province
(
    ProvinceId integer PRIMARY KEY GENERATED BY DEFAULT AS IDENTITY ( INCREMENT 1 START 1 MINVALUE 1 MAXVALUE 2147483647 CACHE 1 ),
    ProvinceName character varying(50) NOT NULL,
    Description character varying
);

CREATE TABLE IF NOT EXISTS Address_Canton
(
    CantonId integer PRIMARY KEY GENERATED BY DEFAULT AS IDENTITY ( INCREMENT 1 START 1 MINVALUE 1 MAXVALUE 2147483647 CACHE 1 ),
    ProvinceId integer REFERENCES Address_Province (ProvinceId) NOT NULL,
    CantonName character varying(50) NOT NULL,
    Description character varying
);

CREATE TABLE IF NOT EXISTS Address_District
(
    DistrictId integer PRIMARY KEY GENERATED BY DEFAULT AS IDENTITY ( INCREMENT 1 START 1 MINVALUE 1 MAXVALUE 2147483647 CACHE 1 ),
    CantonId integer REFERENCES Address_Canton (CantonId) NOT NULL,
    DistrictName character varying(50) NOT NULL,
    Description character varying,
    PostalCode character varying(20)
);

CREATE TABLE IF NOT EXISTS Collaborator
(
    CollaboratorId integer PRIMARY KEY GENERATED BY DEFAULT AS IDENTITY ( INCREMENT 1 START 1 MINVALUE 1 MAXVALUE 2147483647 CACHE 1 ),
    OperatorNumber integer NOT NULL,
    FirstName character varying(50) NOT NULL,
    LastName character varying(50) NOT NULL,
    Email character varying(255) NOT NULL,
    DNICollaborator  character varying(50) NOT NULL,
    DateOfBirth date NOT NULL,
    Gender integer NOT NULL,
    Parent boolean NOT NULL,
	MaritalStatusId integer, 
    Telephone1 character varying(20) NOT NULL,
    Telephone2 character varying(20),
    CurriculumFile text,
    RFIDCode character varying(50),
    NeedPasswordChange boolean NOT NULL,
    IsLockedOut boolean NOT NULL,
    LockOutEndTime timestamp NOT NULL,
    IsActive boolean NOT NULL,
    DistrictId integer REFERENCES Address_District (DistrictId) NOT NULL,
	CantonId integer REFERENCES Address_Canton (CantonId) NOT NULL,
	ProvinceId integer REFERENCES Address_Province (ProvinceId) NOT NULL,
	AddressLine character varying(200) NOT NULL
);

CREATE TABLE IF NOT EXISTS CollaboratorRoles
(
    RoleId integer REFERENCES UserRole (RoleId) NOT NULL,
    CollaboratorId integer REFERENCES Collaborator (CollaboratorId) NOT NULL,
    PRIMARY KEY (RoleId, CollaboratorId)
);

CREATE TABLE IF NOT EXISTS SessionAccessAttemptPolicy
(
    LoginAttemptPolicyId integer PRIMARY KEY GENERATED BY DEFAULT AS IDENTITY ( INCREMENT 1 START 1 MINVALUE 1 MAXVALUE 2147483647 CACHE 1 ),
    MaxInvalidAttempts integer NOT NULL,
    InvalidAttemptsTime interval NOT NULL,
    LoginLockoutTime interval NOT NULL,
    IsActive boolean NOT NULL
);

CREATE TABLE IF NOT EXISTS User_ConnectionAttempt
(
    LoginAttempId integer PRIMARY KEY GENERATED BY DEFAULT AS IDENTITY ( INCREMENT 1 START 1 MINVALUE 1 MAXVALUE 2147483647 CACHE 1 ),
    UserAccountId integer REFERENCES UserAccount (UserAccountId) NOT NULL,
    IsSuccess boolean NOT NULL,
    LogInTime timestamp without time zone,
    LogOutTime timestamp without time zone,
    IpAddress inet,
    ApplicationName character varying(50)
);

CREATE TABLE IF NOT EXISTS SessionPasswordPolicy
(
    PasswordPolicyId integer PRIMARY KEY GENERATED BY DEFAULT AS IDENTITY ( INCREMENT 1 START 1 MINVALUE 1 MAXVALUE 2147483647 CACHE 1 ),
    MinLength integer NOT NULL,
    PasswordDuration integer NOT NULL,
    UseLowerCase boolean NOT NULL,
    UserUpperCase boolean NOT NULL,
    UseNumbers boolean NOT NULL,
    UseSymbols boolean NOT NULL,
    CheckIfCommonlyUsed boolean NOT NULL,
    CheckIfIsRecent boolean NOT NULL,
    CheckIfContainUserInfo boolean NOT NULL
);

CREATE TABLE IF NOT EXISTS User_PasswordHistory
(
    UserPasswordHistoryId integer PRIMARY KEY GENERATED BY DEFAULT AS IDENTITY ( INCREMENT 1 START 1 MINVALUE 1 MAXVALUE 2147483647 CACHE 1 ),
    UserAccountId integer REFERENCES UserAccount (UserAccountId) NOT NULL,
    PasswordHash text NOT NULL,
    PasswordChangeDate timestamp without time zone NOT NULL,
    IsActual boolean NOT NULL
);

CREATE TABLE Bank (
    BankId integer PRIMARY KEY GENERATED BY DEFAULT AS IDENTITY ( INCREMENT 1 START 1 MINVALUE 1 MAXVALUE 2147483647 CACHE 1 ),
    Name VARCHAR(255) NOT NULL,
	Acronym VARCHAR(25) NOT NULL,
    AccountPattern VARCHAR(100)
);

CREATE TABLE CurrencyType (
    CurrencyTypeId integer PRIMARY KEY GENERATED BY DEFAULT AS IDENTITY ( INCREMENT 1 START 1 MINVALUE 1 MAXVALUE 2147483647 CACHE 1 ),
    Name VARCHAR(255) NOT NULL
);

CREATE TABLE IF NOT EXISTS Collaborator_BankAccount (
    BankAccountId integer PRIMARY KEY GENERATED BY DEFAULT AS IDENTITY ( INCREMENT 1 START 1 MINVALUE 1 MAXVALUE 2147483647 CACHE 1 ),
    CollaboratorId INTEGER REFERENCES Collaborator (CollaboratorId) NOT NULL,
    CurrencyTypeId INTEGER REFERENCES CurrencyType (CurrencyTypeId) NOT NULL,
    BankId INTEGER REFERENCES Bank (BankId) NOT NULL,
    NumberBankAccount VARCHAR(255) NOT NULL,
    IBANAccount VARCHAR(255) NOT NULL
);

CREATE TABLE IF NOT EXISTS Collaborator_HealthCondition
(
    HealthConditionId integer PRIMARY KEY GENERATED BY DEFAULT AS IDENTITY ( INCREMENT 1 START 1 MINVALUE 1 MAXVALUE 2147483647 CACHE 1 ),
    CollaboratorId integer REFERENCES Collaborator (CollaboratorId) NOT NULL,
    Diseases character varying(255) NOT NULL,
    TakingMedications boolean NOT NULL,
    Note character varying
);

CREATE TABLE IF NOT EXISTS Collaborator_Picture
(
    CollaboratorPictureId integer PRIMARY KEY GENERATED BY DEFAULT AS IDENTITY ( INCREMENT 1 START 1 MINVALUE 1 MAXVALUE 2147483647 CACHE 1 ),
    CollaboratorId integer REFERENCES Collaborator (CollaboratorId) NOT NULL,
    Picture text NOT NULL
);

CREATE TABLE IF NOT EXISTS Collaborator_PasswordHistory
(
    CollaboratorPasswordHistoryId integer PRIMARY KEY GENERATED BY DEFAULT AS IDENTITY ( INCREMENT 1 START 1 MINVALUE 1 MAXVALUE 2147483647 CACHE 1 ),
    CollaboratorId integer REFERENCES Collaborator (CollaboratorId) NOT NULL,
    PasswordHash text NOT NULL,
    PasswordChangeDate timestamp without time zone NOT NULL,
    IsActual boolean NOT NULL
);

CREATE TABLE IF NOT EXISTS Collaborator_EmergencyContact
(
    EmergencyContactCollaboratorId integer PRIMARY KEY GENERATED BY DEFAULT AS IDENTITY ( INCREMENT 1 START 1 MINVALUE 1 MAXVALUE 2147483647 CACHE 1 ),
    CollaboratorId integer REFERENCES Collaborator (CollaboratorId) NOT NULL,
    FirstName character varying(50) NOT NULL,
    LastName character varying(50) NOT NULL,
    Relationship character varying(20) NOT NULL,
    Telephone1 character varying(20) NOT NULL,
    Telephone2 character varying(20)
);

CREATE TABLE IF NOT EXISTS Collaborator_ConnectionAttempt
(
    CollaboratorLoginAttempId integer PRIMARY KEY GENERATED BY DEFAULT AS IDENTITY ( INCREMENT 1 START 1 MINVALUE 1 MAXVALUE 2147483647 CACHE 1 ),
    CollaboratorId integer REFERENCES Collaborator (CollaboratorId) NOT NULL,
    IsSuccess boolean NOT NULL,
    LogInTime timestamp without time zone,
    LogOutTime timestamp without time zone,
    IpAddress inet NOT NULL,
    ApplicationName character varying(50) NOT NULL
);

CREATE TABLE IF NOT EXISTS AnnotationType
(
    AnnotationTypeId integer PRIMARY KEY GENERATED BY DEFAULT AS IDENTITY ( INCREMENT 1 START 1 MINVALUE 1 MAXVALUE 2147483647 CACHE 1 ),
    TypeName character varying(255) NOT NULL,
    ValueInScore boolean NOT NULL,
    VisibleToCollaborator boolean NOT NULL,
    Percentage double precision NOT NULL
);

CREATE TABLE IF NOT EXISTS Annotation_Attachment
(
    AttachmentId integer PRIMARY KEY GENERATED BY DEFAULT AS IDENTITY ( INCREMENT 1 START 1 MINVALUE 1 MAXVALUE 2147483647 CACHE 1 ),
    FileData text NOT NULL,
    FileName character varying(255) NOT NULL,
    FileType character varying(255) NOT NULL
);

CREATE TABLE IF NOT EXISTS Annotation
(
    AnnotationId integer PRIMARY KEY GENERATED BY DEFAULT AS IDENTITY ( INCREMENT 1 START 1 MINVALUE 1 MAXVALUE 2147483647 CACHE 1 ),
    CollaboratorId integer REFERENCES Collaborator (CollaboratorId) NOT NULL,
    AnnotationTypeId integer REFERENCES AnnotationType (AnnotationTypeId) NOT NULL,
    UserAccountId integer REFERENCES UserAccount (UserAccountId) NOT NULL,
    AttachmentId integer REFERENCES Annotation_Attachment (AttachmentId),
    Note text NOT NULL,
    AnnotationDate date NOT NULL
);

CREATE TABLE IF NOT EXISTS Schedule_Days
(
    DayId integer PRIMARY KEY GENERATED BY DEFAULT AS IDENTITY ( INCREMENT 1 START 1 MINVALUE 1 MAXVALUE 2147483647 CACHE 1 ),
    DayName character varying(50) NOT NULL
);

CREATE TABLE IF NOT EXISTS Schedule_Daily
(
    ScheduleDailyId integer PRIMARY KEY GENERATED BY DEFAULT AS IDENTITY ( INCREMENT 1 START 1 MINVALUE 1 MAXVALUE 2147483647 CACHE 1 ),
    DayId integer REFERENCES Schedule_Days (DayId) NOT NULL,
    BeginTime timestamp without time zone NOT NULL,
    EndTime timestamp without time zone NOT NULL
);

CREATE TABLE IF NOT EXISTS Schedule_WorkingDay
(
    WorkingdayId integer PRIMARY KEY GENERATED BY DEFAULT AS IDENTITY ( INCREMENT 1 START 1 MINVALUE 1 MAXVALUE 2147483647 CACHE 1 ),
    WorkingDayName character varying(50) COLLATE pg_catalog."default" NOT NULL,
    Description character varying(255) COLLATE pg_catalog."default" NOT NULL,
    WorkingDayMaxDays integer NOT NULL,
    WorkingDayMaxHours integer NOT NULL,
    WorkingDayStartTime time without time zone NOT NULL,
    WorkingDayEndTime time without time zone NOT NULL,
    WorkingDayRecordTime timestamp without time zone NOT NULL,
    WorkingDayAccumulative boolean NOT NULL,
	WorkingDayAssigned boolean
);

CREATE TABLE IF NOT EXISTS Schedule
(
    ScheduleId integer  PRIMARY KEY GENERATED BY DEFAULT AS IDENTITY ( INCREMENT 1 START 1 MINVALUE 1 MAXVALUE 2147483647 CACHE 1 ),
	WorkingdayId integer REFERENCES Schedule_WorkingDay(workingdayid),
    ScheduleName character varying(50) NOT NULL,
    AssignedSchedule boolean
);

CREATE TABLE IF NOT EXISTS Collaborator_Schedule_History
(
    CollaboratorScheduleHistoryId integer  PRIMARY KEY GENERATED BY DEFAULT AS IDENTITY ( INCREMENT 1 START 1 MINVALUE 1 MAXVALUE 2147483647 CACHE 1 ),
    CollaboratorId integer REFERENCES Collaborator (CollaboratorId) NOT NULL,
    ScheduleId integer REFERENCES Schedule (ScheduleId) NOT NULL,
    Active boolean NOT NULL,
    AssignDate  timestamp without time zone NOT NULL,
    DismissDate  timestamp without time zone NOT NULL
);

CREATE TABLE IF NOT EXISTS Schedule_DaysBySchedule
(
    DayByScheduleId integer PRIMARY KEY GENERATED BY DEFAULT AS IDENTITY ( INCREMENT 1 START 1 MINVALUE 1 MAXVALUE 2147483647 CACHE 1 ),
    ScheduleId integer REFERENCES Schedule (ScheduleId) NOT NULL,
    ScheduleDailyId integer REFERENCES Schedule_Daily (ScheduleDailyId) NOT NULL
);

CREATE TABLE IF NOT EXISTS Permissions
(
    IdPermission integer  PRIMARY KEY GENERATED BY DEFAULT AS IDENTITY ( INCREMENT 1 START 1 MINVALUE 1 MAXVALUE 2147483647 CACHE 1 ),
    PermissionsName character varying(255) NOT NULL,
    Description character varying NOT NULL
);

CREATE TABLE IF NOT EXISTS RolePermissions
(
    RoleId integer REFERENCES UserRole (RoleId) NOT NULL,
    IdPermission integer REFERENCES Permissions (IdPermission) NOT NULL,
    PRIMARY KEY (RoleId, IdPermission)
);

CREATE TABLE IF NOT EXISTS Collaborator_Department
(
    DepartmentId integer PRIMARY KEY GENERATED BY DEFAULT AS IDENTITY ( INCREMENT 1 START 1 MINVALUE 1 MAXVALUE 2147483647 CACHE 1 ),
    DepartmentName character varying(50) COLLATE pg_catalog."default",
    Description character varying COLLATE pg_catalog."default"
);

CREATE TABLE IF NOT EXISTS Collaborator_JobModality
(
	JobModalityId integer PRIMARY KEY GENERATED BY DEFAULT AS IDENTITY ( INCREMENT 1 START 1 MINVALUE 1 MAXVALUE 2147483647 CACHE 1 ),
	Type character varying (20) 
);

CREATE TABLE IF NOT EXISTS Collaborator_JobPosition
(
    JobpositionId integer PRIMARY KEY GENERATED BY DEFAULT AS IDENTITY ( INCREMENT 1 START 1 MINVALUE 1 MAXVALUE 2147483647 CACHE 1 ),
    DepartmentId  integer REFERENCES Collaborator_Department (departmentid),
    NameJobPosition character varying(50) COLLATE pg_catalog."default" NOT NULL,
    Description character varying COLLATE pg_catalog."default",
	JobModalityId Integer REFERENCES Collaborator_JobModality,
    IsActive boolean DEFAULT 'true'
);

CREATE TABLE IF NOT EXISTS CollaboratorContract_History (
    CollaboratorHistoryId integer PRIMARY KEY GENERATED BY DEFAULT AS IDENTITY ( INCREMENT 1 START 1 MINVALUE 1 MAXVALUE 2147483647 CACHE 1 ),
    CollaboratorId integer REFERENCES Collaborator (CollaboratorId) NOT NULL,
    ContractDateBegin timestamp without time zone,
    ContractDateEnd timestamp without time zone,
    ScheduleId integer REFERENCES Schedule(ScheduleId) NOT NULL,
    JobPositionId integer REFERENCES Collaborator_JobPosition (JobPositionid) NOT NULL,
    IsActive boolean DEFAULT true
);

CREATE TABLE IF NOT EXISTS Collaborator_AmountChildren
(
    ChildrenByCollaboratorId integer PRIMARY KEY GENERATED BY DEFAULT AS IDENTITY ( INCREMENT 1 START 1 MINVALUE 1 MAXVALUE 2147483647 CACHE 1 ),
    CollaboratorId integer REFERENCES Collaborator (CollaboratorId) NOT NULL,
    NumberOfChildren integer,
    ChildDateOfBirth date
);

CREATE TABLE Schedule_CheckInStatus
(
	CheckInStatusId integer PRIMARY KEY GENERATED BY DEFAULT AS IDENTITY ( INCREMENT 1 START 1 MINVALUE 1 MAXVALUE 2147483647 CACHE 1 ),
	TypeCheckInStatus varchar (50) NOT NULL, 
	LabelCheckInStatus varchar (50) NOT NULL,
	Description character varying NOT NULL
);

CREATE TABLE Schedule_CheckOutStatus
(
	CheckOutStatusId integer PRIMARY KEY GENERATED BY DEFAULT AS IDENTITY ( INCREMENT 1 START 1 MINVALUE 1 MAXVALUE 2147483647 CACHE 1 ),
	TypeCheckOutStatus varchar (50) NOT NULL, 
	LabelCheckOutStatus varchar (50) NOT NULL,
	Description character varying NOT NULL
);

CREATE TABLE IF NOT EXISTS Collaborator_Attend
(
    AttendanceId integer PRIMARY KEY GENERATED ALWAYS AS IDENTITY ( INCREMENT 1 START 1 MINVALUE 1 ),
    CollaboratorId integer REFERENCES collaborator(collaboratorid)NOT NULL,
    CheckIn timestamp without time zone,
    CheckOut timestamp without time zone,
	CheckInStatus integer REFERENCES Schedule_CheckInStatus(checkinstatusid)NOT NULL, 
	CheckOutStatus integer REFERENCES Schedule_CheckOutStatus (checkoutstatusid)NOT NULL, 
    CommentCheckIn character varying COLLATE pg_catalog."default",
    IsOpenCheckIn boolean,
	IpAddress varchar(20),
	PhysicalAddressEquipment varchar(50)
);

CREATE TABLE IF NOT EXISTS  EmailBirthday_Configuration
(
    EmailBirthday_ConfigurationId integer PRIMARY KEY GENERATED BY DEFAULT AS IDENTITY ( INCREMENT 1 START 1 MINVALUE 1 MAXVALUE 2147483647 CACHE 1 ),
    EmailConfiguration character varying(50) COLLATE pg_catalog."default",
    PasswordConfiguration text COLLATE pg_catalog."default",
    IsActivesEnd boolean
);

CREATE TABLE IF NOT EXISTS EmailBirthday_Art
(
    EmailBirthdayId integer PRIMARY KEY GENERATED BY DEFAULT AS IDENTITY ( INCREMENT 1 START 1 MINVALUE 1 MAXVALUE 2147483647 CACHE 1 ),
    Subject character varying(50) COLLATE pg_catalog."default",
    Body character varying COLLATE pg_catalog."default",
    PictureBirth text COLLATE pg_catalog."default"
);

CREATE TABLE IF NOT EXISTS Announcement_Art
(
    AnnouncementId integer PRIMARY KEY GENERATED BY DEFAULT AS IDENTITY ( INCREMENT 1 START 1 MINVALUE 1 MAXVALUE 2147483647 CACHE 1 ),
    ImageAnnouncement varchar NOT NULL,
    BeginDatePublication timestamp without time zone,
    EndDatePublication timestamp without time zone,
    Description character varying COLLATE pg_catalog."default"
);

-----------------------------------------INSERT---------------------------------------------------
--------------------------------------------------------------------------------------------------

INSERT INTO SessionAccessAttemptPolicy(IsActive,MaxInvalidAttempts, InvalidAttemptsTime, LoginLockoutTime)
	VALUES (TRUE,3, '00:15:00', '00:30:00');	
	
--------------------------------------------------------------------------------------------

INSERT INTO SessionPasswordPolicy(MinLength, PasswordDuration, UseLowerCase, UserUpperCase, UseNumbers, UseSymbols, CheckIfCommonlyUsed, CheckIfIsRecent, CheckIfContainUserInfo) 
	VALUES (1, 90, TRUE, TRUE, TRUE, FALSE, TRUE, TRUE, TRUE);
	
-------------------------------------------------------------------------------------------
----User Inicial: Admin------
----Password Inicial: psi123----

INSERT INTO public.useraccount(
	 username, firstname, lastname, email, telephone1, needpasswordchange, islockedout, lockoutendtime, isactive)
	VALUES ( 'Admin', 'admin', 'admin', 'admin@gmail.com', 88888888, true, null, null, true);

-------------------------------------------------------------------------------------------

INSERT INTO public.user_passwordhistory(
	 useraccountid, passwordhash, passwordchangedate, isactual)
	VALUES ( 1, 'TCmhMsOa2uZ17KEM0bP75nEMY5BgCWIkeXRH753m+Y9j+JTN/3GTNKXmiZFww+YU', now(), true);

-------------------------------------------------------------------------------------------

INSERT INTO public.schedule_checkinstatus(
    typecheckinstatus, labelcheckinstatus, description)
    VALUES 
    ('Overtime', 'Horas Extra', 'Registros una hora antes o más del horario de ingreso.'),
    ('Reposition Time', 'Tiempo reposicion', 'Registros una hora antes o más del horario de entrada.'),
    ('Early Registration', 'Registro temprano', 'Regitros 20 minutos antes de la horario de entrada.'),
    ('Late Registration', 'Registro tarde', 'Registro entrada 5 minutos después de la hora de entrada.'),
    ('Justified Late Registration', 'Registro tarde', 'Registro entrada 5 minutos después de la hora de entrada.');
    
-------------------------------------------------------------------------------------------

INSERT INTO public.schedule_checkoutstatus(
    typecheckoutstatus, labelcheckoutstatus, description)
    VALUES
    ('Undefined', 'Indefinido', 'Registros iniciales'),
    ('Overtime', 'Horas extra', 'Registros una hora después o más del horario de salida.'),
    ('Reposition Time', 'Tiempo reposición', 'Registros una hora después o mas del horario de salida.'),
    ('Early Registration', 'Registro temprano', 'Regitros 5 minutos antes del horario de salida.'),
    ('Late Registration', 'Registro tarde', 'Registro salida 5 minutos después del horario de salida.'),    
    ('Justified Early Registration', 'Registro temprano justificado', 'Registro a cualquier hora dentro de horario laboral.' );
	

INSERT INTO public.schedule_days (dayname) VALUES
	('Domingo'), 
	('Lunes'), 
	('Martes'),  
	('Miércoles'), 
	('Jueves'),  
	('Viernes'), 
	('Sábado');

INSERT INTO Collaborator_JobModality (Type)VALUES 
    ('Work from Home'),
    ('Presential'),
    ('Mixed');

INSERT INTO CurrencyType (Name) VALUES ('Colones');
INSERT INTO CurrencyType (Name) VALUES ('Dolar');
INSERT INTO CurrencyType (Name) VALUES ('Euros');

INSERT INTO Bank (Name, Acronym, AccountPattern) VALUES ('Banco Bac San Jose', 'BAC', '');
INSERT INTO Bank (Name, Acronym, AccountPattern) VALUES ('Banco Nacional de Costa Rica', 'BN', '');
INSERT INTO Bank (Name, Acronym, AccountPattern) VALUES ('Banco de Costa Rica', 'BCR', '');
INSERT INTO Bank (Name, Acronym, AccountPattern) VALUES ('Banco Popular y de Desarrollo Comunal', 'BP', '');

-------------------------------------------------------------------------------------------

INSERT INTO public.Address_Province(provinceid, provincename)
VALUES 
 (1,'San José'),
 (2,'Alajuela'),
 (3,'Cartago'),
 (4,'Heredia'),
 (5,'Guanacaste'),
 (6,'Puntarenas'),
 (7,'Limón');

--------------------------------------------------------------------------------------------

INSERT INTO public.Address_Canton(cantonid, provinceid, cantonname)
VALUES 
  (101,1,'San José'),
 (102,1,'Escazú'),
 (103,1,'Desamparados'),
 (104,1,'Puriscal'),
 (105,1,'Tarrazú'),
 (106,1,'Aserrí'),
 (107,1,'Mora'),
 (108,1,'Goicoechea'),
 (109,1,'Santa Ana'),
 (110,1,'Alajuelita'),
 (111,1,'Vasquez de Coronado'),
 (112,1,'Acosta'),
 (113,1,'Tibás'),
 (114,1,'Moravia'),
 (115,1,'Montes de Oca'),
 (116,1,'Turrubares'),
 (117,1,'Dota'),
 (118,1,'Curridabat'),
 (119,1,'Pérez Zeledón'),
 (120,1,'León Cortés'),
 (201,2,'Alajuela'),
 (202,2,'San Ramón'),
 (203,2,'Grecia'),
 (204,2,'San Mateo'),
 (205,2,'Atenas'),
 (206,2,'Naranjo'),
 (207,2,'Palmares'),
 (208,2,'Poás'),
 (209,2,'Orotina'),
 (210,2,'San Carlos'),
 (211,2,'Alfaro Ruiz'),
 (212,2,'Valverde Vega'),
 (213,2,'Upala'),
 (214,2,'Los Chiles'),
 (215,2,'Guatuso'),
 (301,3,'Cartago'),
 (302,3,'Paraíso'),
 (303,3,'La Unión'),
 (304,3,'Jiménez'),
 (305,3,'Turrialba'),
 (306,3,'Alvarado'),
 (307,3,'Oreamuno'),
 (308,3,'El Guarco'),
 (401,4,'Heredia'),
 (402,4,'Barva'),
 (403,4,'Santo Domingo'),
 (404,4,'Santa Bárbara'),
 (405,4,'San Rafael'),
 (406,4,'San Isidro'),
 (407,4,'Belén'),
 (408,4,'Flores'),
 (409,4,'San Pablo'),
 (410,4,'Sarapiquí '),
 (501,5,'Liberia'),
 (502,5,'Nicoya'),
 (503,5,'Santa Cruz'),
 (504,5,'Bagaces'),
 (505,5,'Carrillo'),
 (506,5,'Cañas'),
 (507,5,'Abangares'),
 (508,5,'Tilarán'),
 (509,5,'Nandayure'),
 (510,5,'La Cruz'),
 (511,5,'Hojancha'),
 (601,6,'Puntarenas'),
 (602,6,'Esparza'),
 (603,6,'Buenos Aires'),
 (604,6,'Montes de Oro'),
 (605,6,'Osa'),
 (606,6,'Aguirre'),
 (607,6,'Golfito'),
 (608,6,'Coto Brus'),
 (609,6,'Parrita'),
 (610,6,'Corredores'),
 (611,6,'Garabito'),
 (701,7,'Limón'),
 (702,7,'Pococí'),
 (703,7,'Siquirres '),
 (704,7,'Talamanca'),
 (705,7,'Matina'),
 (706,7,'Guácimo');

--------------------------------------------------------------------------------------------

 INSERT INTO public.Address_District(districtid, cantonid, districtname)
VALUES 
 (10101,101,'Carmen'),
 (10102,101,'Merced'),
 (10103,101,'Hospital'),
 (10104,101,'Catedral'),
 (10105,101,'Zapote'),
 (10106,101,'San Francisco de Dos Ríos'),
 (10107,101,'Uruca'),
 (10108,101,'Mata Redonda'),
 (10109,101,'Pavas'),
 (10110,101,'Hatillo'),
 (10111,101,'San Sebastián'),
 (10201,102,'Escazú'),
 (10202,102,'San Antonio'),
 (10203,102,'San Rafael'),
 (10301,103,'Desamparados'),
 (10302,103,'San Miguel'),
 (10303,103,'San Juan de Dios'),
 (10304,103,'San Rafael Arriba'),
 (10305,103,'San Antonio'),
 (10306,103,'Frailes'),
 (10307,103,'Patarrá'),
 (10308,103,'San Cristóbal'),
 (10309,103,'Rosario'),
 (10310,103,'Damas'),
 (10311,103,'San Rafael Abajo'),
 (10312,103,'Gravilias'),
 (10313,103,'Los Guido'),
 (10401,104,'Santiago'),
 (10402,104,'Mercedes Sur'),
 (10403,104,'Barbacoas'),
 (10404,104,'Grifo Alto'),
 (10405,104,'San Rafael'),
 (10406,104,'Candelaria'),
 (10407,104,'Desamparaditos'),
 (10408,104,'San Antonio'),
 (10409,104,'Chires'),
 (10501,105,'San Marcos'),
 (10502,105,'San Lorenzo'),
 (10503,105,'San Carlos'),
 (10601,106,'Aserrí'),
 (10602,106,'Tarbaca o Praga'),
 (10603,106,'Vuelta de Jorco'),
 (10604,106,'San Gabriel'),
 (10605,106,'La Legua'),
 (10606,106,'Monterrey'),
 (10607,106,'Salitrillos'),
 (10701,107,'Colón'),
 (10702,107,'Guayabo'),
 (10703,107,'Tabarcia'),
 (10704,107,'Piedras Negras'),
 (10705,107,'Picagres'),
 (10801,108,'Guadalupe'),
 (10802,108,'San Francisco'),
 (10803,108,'Calle Blancos'),
 (10804,108,'Mata de Plátano'),
 (10805,108,'Ipís'),
 (10806,108,'Rancho Redondo'),
 (10807,108,'Purral'),
 (10901,109,'Santa Ana'),
 (10902,109,'Salitral'),
 (10903,109,'Pozos o Concepción'),
 (10904,109,'Uruca o San Joaquín'),
 (10905,109,'Piedades'),
 (10906,109,'Brasil'),
 (11001,110,'Alajuelita'),
 (11002,110,'San Josecito'),
 (11003,110,'San Antonio'),
 (11004,110,'Concepción'),
 (11005,110,'San Felipe'),
 (11101,111,'San Isidro'),
 (11102,111,'San Rafael'),
 (11103,111,'Dulce Nombre de Jesús'),
 (11104,111,'Patalillo'),
 (11105,111,'Cascajal'),
 (11201,112,'San Ignacio'),
 (11202,112,'Guaitil'),
 (11203,112,'Palmichal'),
 (11204,112,'Cangrejal'),
 (11205,112,'Sabanillas'),
 (11301,113,'San Juan'),
 (11302,113,'Cinco Esquinas'),
 (11303,113,'Anselmo Llorente'),
 (11304,113,'León XIII'),
 (11305,113,'Colima'),
 (11401,114,'San Vicente'),
 (11402,114,'San Jerónimo'),
 (11403,114,'Trinidad'),
 (11501,115,'San Pedro'),
 (11502,115,'Sabanilla'),
 (11503,115,'Mercedes o Betania'),
 (11504,115,'San Rafael'),
 (11601,116,'San Pablo'),
 (11602,116,'San Pedro'),
 (11603,116,'San Juan de Mata'),
 (11604,116,'San Luis'),
 (11605,116,'Cárara'),
 (11701,117,'Santa María'),
 (11702,117,'Jardín'),
 (11703,117,'Copey'),
 (11801,118,'Curridabat'),
 (11802,118,'Granadilla'),
 (11803,118,'Sánchez'),
 (11804,118,'Tirrases'),
 (11901,119,'San Isidro de el General'),
 (11902,119,'General'),
 (11903,119,'Daniel Flores'),
 (11904,119,'Rivas'),
 (11905,119,'San Pedro'),
 (11906,119,'Platanares'),
 (11907,119,'Pejibaye'),
 (11908,119,'Cajón'),
 (11909,119,'Barú'),
 (11910,119,'Río Nuevo'),
 (11911,119,'Páramo'),
 (12001,120,'San Pablo'),
 (12002,120,'San Andrés'),
 (12003,120,'Llano Bonito'),
 (12004,120,'San Isidro'),
 (12005,120,'Santa Cruz'),
 (12006,120,'San Antonio'),
 (20101,201,'Alajuela'),
 (20102,201,'San José'),
 (20103,201,'Carrizal'),
 (20104,201,'San Antonio'),
 (20105,201,'Guácima'),
 (20106,201,'San Isidro'),
 (20107,201,'Sabanilla'),
 (20108,201,'San Rafael'),
 (20109,201,'Río Segundo'),
 (20110,201,'Desamparados'),
 (20111,201,'Turrucares'),
 (20112,201,'Tambor'),
 (20113,201,'La Garita'),
 (20114,201,'Sarapiquí'),
 (20201,202,'San Ramón'),
 (20202,202,'Santiago'),
 (20203,202,'San Juan'),
 (20204,202,'Piedades Norte'),
 (20205,202,'Piedades Sur'),
 (20206,202,'San Rafael'),
 (20207,202,'San Isidro'),
 (20208,202,'Angeles'),
 (20209,202,'Alfaro'),
 (20210,202,'Volio'),
 (20211,202,'Concepción'),
 (20212,202,'Zapotal'),
 (20213,202,'San Isidro de Peñas Blancas'),
 (20301,203,'Grecia'),
 (20302,203,'San Isidro'),
 (20303,203,'San José'),
 (20304,203,'San Roque'),
 (20305,203,'Tacares'),
 (20306,203,'Río Cuarto'),
 (20307,203,'Puente Piedra'),
 (20308,203,'Bolívar'),
 (20401,204,'San Mateo'),
 (20402,204,'Desmonte'),
 (20403,204,'Jesús María'),
 (20501,205,'Atenas'),
 (20502,205,'Jesús'),
 (20503,205,'Mercedes'),
 (20504,205,'San Isidro'),
 (20505,205,'Concepción'),
 (20506,205,'San José'),
 (20507,205,'Santa Eulalia'),
 (20508,205,'Escobal'),
 (20601,206,'Naranjo'),
 (20602,206,'San Miguel'),
 (20603,206,'San José'),
 (20604,206,'Cirrí Sur'),
 (20605,206,'San Jerónimo'),
 (20606,206,'San Juan'),
 (20607,206,'Rosario'),
 (20701,207,'Palmares'),
 (20702,207,'Zaragoza'),
 (20703,207,'Buenos Aires'),
 (20704,207,'Santiago'),
 (20705,207,'Candelaria'),
 (20706,207,'Esquipulas'),
 (20707,207,'La Granja'),
 (20801,208,'San Pedro'),
 (20802,208,'San Juan'),
 (20803,208,'San Rafael'),
 (20804,208,'Carrillos'),
 (20805,208,'Sabana Redonda'),
 (20901,209,'Orotina'),
 (20902,209,'Mastate'),
 (20903,209,'Hacienda Vieja'),
 (20904,209,'Coyolar'),
 (20905,209,'Ceiba'),
 (21001,210,'Quesada'),
 (21002,210,'Florencia'),
 (21003,210,'Buenavista'),
 (21004,210,'Aguas Zarcas'),
 (21005,210,'Venecia'),
 (21006,210,'Pital'),
 (21007,210,'Fortuna'),
 (21008,210,'Tigra'),
 (21009,210,'Palmera'),
 (21010,210,'Venado'),
 (21011,210,'Cutris'),
 (21012,210,'Monterrey'),
 (21013,210,'Pocosol'),
 (21101,211,'Zarcero'),
 (21102,211,'Laguna'),
 (21103,211,'Tapezco'),
 (21104,211,'Guadalupe'),
 (21105,211,'Palmira'),
 (21106,211,'Zapote'),
 (21107,211,'Las Brisas'),
 (21201,212,'Sarchí Norte'),
 (21202,212,'Sarchí Sur'),
 (21203,212,'Toro Amarillo'),
 (21204,212,'San Pedro'),
 (21205,212,'Rodríguez'),
 (21301,213,'Upala'),
 (21302,213,'Aguas Claras'),
 (21303,213,'San José o Pizote'),
 (21304,213,'Bijagua'),
 (21305,213,'Delicias'),
 (21306,213,'Dos Ríos'),
 (21307,213,'Yolillal'),
 (21401,214,'Los Chiles'),
 (21402,214,'Caño Negro'),
 (21403,214,'Amparo'),
 (21404,214,'San Jorge'),
 (21501,215,'San Rafael'),
 (21502,215,'Buenavista'),
 (21503,215,'Cote'),
 (30101,301,'Oriental'),
 (30102,301,'Occidental'),
 (30103,301,'Carmen'),
 (30104,301,'San Nicolás'),
 (30105,301,'Aguacaliente o San Francisco'),
 (30106,301,'Guadalupe o Arenilla'),
 (30107,301,'Corralillo'),
 (30108,301,'Tierra Blanca'),
 (30109,301,'Dulce Nombre'),
 (30110,301,'Llano Grande'),
 (30111,301,'Quebradilla'),
 (30201,302,'Paraíso'),
 (30202,302,'Santiago'),
 (30203,302,'Orosi'),
 (30204,302,'Cachí'),
 (30205,302,'Los Llanos de Santa Lucía'),
 (30301,303,'Tres Ríos'),
 (30302,303,'San Diego'),
 (30303,303,'San Juan'),
 (30304,303,'San Rafael'),
 (30305,303,'Concepción'),
 (30306,303,'Dulce Nombre'),
 (30307,303,'San Ramón'),
 (30308,303,'Río Azul'),
 (30401,304,'Juan Viñas'),
 (30402,304,'Tucurrique'),
 (30403,304,'Pejibaye'),
 (30501,305,'Turrialba'),
 (30502,305,'La Suiza'),
 (30503,305,'Peralta'),
 (30504,305,'Santa Cruz'),
 (30505,305,'Santa Teresita'),
 (30506,305,'Pavones'),
 (30507,305,'Tuis'),
 (30508,305,'Tayutic'),
 (30509,305,'Santa Rosa'),
 (30510,305,'Tres Equis'),
 (30511,305,'La Isabel'),
 (30512,305,'Chirripó'),
 (30601,306,'Pacayas'),
 (30602,306,'Cervantes'),
 (30603,306,'Capellades'),
 (30701,307,'San Rafael'),
 (30702,307,'Cot'),
 (30703,307,'Potrero Cerrado'),
 (30704,307,'Cipreses'),
 (30705,307,'Santa Rosa'),
 (30801,308,'El Tejar'),
 (30802,308,'San Isidro'),
 (30803,308,'Tobosi'),
 (30804,308,'Patio de Agua'),
 (40101,401,'Heredia'),
 (40102,401,'Mercedes'),
 (40103,401,'San Francisco'),
 (40104,401,'Ulloa'),
 (40105,401,'Varablanca'),
 (40201,402,'Barva'),
 (40202,402,'San Pedro'),
 (40203,402,'San Pablo'),
 (40204,402,'San Roque'),
 (40205,402,'Santa Lucía'),
 (40206,402,'San José de la Montaña'),
 (40301,403,'Santo Domingo'),
 (40302,403,'San Vicente'),
 (40303,403,'San Miguel'),
 (40304,403,'Paracito'),
 (40305,403,'Santo Tomás'),
 (40306,403,'Santa Rosa'),
 (40307,403,'Tures'),
 (40308,403,'Pará'),
 (40401,404,'Santa Bárbara'),
 (40402,404,'San Pedro'),
 (40403,404,'San Juan'),
 (40404,404,'Jesús'),
 (40405,404,'Santo Domingo del Roble'),
 (40406,404,'Puraba'),
 (40501,405,'San Rafael'),
 (40502,405,'San Josecito'),
 (40503,405,'Santiago'),
 (40504,405,'Angeles'),
 (40505,405,'Concepción'),
 (40601,406,'San Isidro'),
 (40602,406,'San José'),
 (40603,406,'Concepción'),
 (40604,406,'San Francisco'),
 (40701,407,'San Antonio'),
 (40702,407,'La Ribera'),
 (40703,407,'Asunción'),
 (40801,408,'San Joaquín'),
 (40802,408,'Barrantes'),
 (40803,408,'Llorente'),
 (40901,409,'San Pablo'),
 (41001,410,'Puerto Viejo'),
 (41002,410,'La Virgen'),
 (41003,410,'Horquetas'),
 (41004,410,'Llanuras de Gaspar'),
 (41005,410,'Cureña'),
 (50101,501,'Liberia'),
 (50102,501,'Cañas Dulces'),
 (50103,501,'Mayorga'),
 (50104,501,'Nacascolo'),
 (50105,501,'Curubande'),
 (50201,502,'Nicoya'),
 (50202,502,'Mansión'),
 (50203,502,'San Antonio'),
 (50204,502,'Quebrada Honda'),
 (50205,502,'Sámara'),
 (50206,502,'Nósara'),
 (50207,502,'Belén de Nosarita'),
 (50301,503,'Santa Cruz'),
 (50302,503,'Bolsón'),
 (50303,503,'Veintisiete de Abril'),
 (50304,503,'Tempate'),
 (50305,503,'Cartagena'),
 (50306,503,'Cuajiniquil'),
 (50307,503,'Diriá'),
 (50308,503,'Cabo Velas'),
 (50309,503,'Tamarindo'),
 (50401,504,'Bagaces'),
 (50402,504,'Fortuna'),
 (50403,504,'Mogote'),
 (50404,504,'Río Naranjo'),
 (50501,505,'Filadelfia'),
 (50502,505,'Palmira'),
 (50503,505,'Sardinal'),
 (50504,505,'Belén'),
 (50601,506,'Cañas'),
 (50602,506,'Palmira'),
 (50603,506,'San Miguel'),
 (50604,506,'Bebedero'),
 (50605,506,'Porozal'),
 (50701,507,'Juntas'),
 (50702,507,'Sierra'),
 (50703,507,'San Juan'),
 (50704,507,'Colorado'),
 (50801,508,'Tilarán'),
 (50802,508,'Quebrada Grande'),
 (50803,508,'Tronadora'),
 (50804,508,'Santa Rosa'),
 (50805,508,'Líbano'),
 (50806,508,'Tierras Morenas'),
 (50807,508,'Arenal'),
 (50901,509,'Carmona'),
 (50902,509,'Santa Rita'),
 (50903,509,'Zapotal'),
 (50904,509,'San Pablo'),
 (50905,509,'Porvenir'),
 (50906,509,'Bejuco'),
 (51001,510,'La Cruz'),
 (51002,510,'Santa Cecilia'),
 (51003,510,'Garita'),
 (51004,510,'Santa Elena'),
 (51101,511,'Hojancha'),
 (51102,511,'Monte Romo'),
 (51103,511,'Puerto Carrillo'),
 (51104,511,'Huacas'),
 (60101,601,'Puntarenas'),
 (60102,601,'Pitahaya'),
 (60103,601,'Chomes'),
 (60104,601,'Lepanto'),
 (60105,601,'Paquera'),
 (60106,601,'Manzanillo'),
 (60107,601,'Guacimal'),
 (60108,601,'Barranca'),
 (60109,601,'Monte Verde'),
 (60110,601,'Isla del Coco'),
 (60111,601,'Cóbano'),
 (60112,601,'Chacarita'),
 (60113,601,'Chira'),
 (60114,601,'Acapulco'),
 (60115,601,'Roble'),
 (60116,601,'Arancibia'),
 (60201,602,'Espíritu Santo'),
 (60202,602,'San Juan Grande'),
 (60203,602,'Macacona'),
 (60204,602,'San Rafael'),
 (60205,602,'San Jerónimo'),
 (60301,603,'Buenos Aires'),
 (60302,603,'Volcán'),
 (60303,603,'Potrero Grande'),
 (60304,603,'Boruca'),
 (60305,603,'Pilas'),
 (60306,603,'Colinas o Bajo de Maíz'),
 (60307,603,'Chánguena'),
 (60308,603,'Bioley'),
 (60309,603,'Brunka'),
 (60401,604,'Miramar'),
 (60402,604,'Unión'),
 (60403,604,'San Isidro'),
 (60501,605,'Puerto Cortés'),
 (60502,605,'Palmar'),
 (60503,605,'Sierpe'),
 (60504,605,'Bahía Ballena'),
 (60505,605,'Piedras Blancas'),
 (60601,606,'Quepos'),
 (60602,606,'Savegre'),
 (60603,606,'Naranjito'),
 (60701,607,'Golfito'),
 (60702,607,'Puerto Jiménez'),
 (60703,607,'Guaycará'),
 (60704,607,'Pavon'),
 (60801,608,'San Vito'),
 (60802,608,'Sabalito'),
 (60803,608,'Agua Buena'),
 (60804,608,'Limoncito'),
 (60805,608,'Pittier'),
 (60901,609,'Parrita'),
 (61001,610,'Corredor'),
 (61002,610,'La Cuesta'),
 (61003,610,'Paso Canoas'),
 (61004,610,'Laurel'),
 (61101,611,'Jacó'),
 (61102,611,'Tárcoles'),
 (70101,701,'Limón'),
 (70102,701,'Valle La Estrella'),
 (70103,701,'Río Blanco'),
 (70104,701,'Matama'),
 (70201,702,'Guápiles'),
 (70202,702,'Jiménez'),
 (70203,702,'Rita'),
 (70204,702,'Roxana'), 
 (70205,702,'Cariari'),
 (70206,702,'Colorado'),
 (70301,703,'Siquirres'),
 (70302,703,'Pacuarito'),
 (70303,703,'Florida'),
 (70304,703,'Germania'),
 (70305,703,'Cairo'),
 (70306,703,'Alegría'),
 (70401,704,'Bratsi'),
 (70402,704,'Sixaola'),
 (70403,704,'Cahuita'),
 (70404,704,'Telire'),
 (70501,705,'Matina'),
 (70502,705,'Batán'),
 (70503,705,'Carrandí'),
 (70601,706,'Guácimo'),
 (70602,706,'Mercedes'),
 (70603,706,'Pocora'),
 (70604,706,'Río Jiménez'),
 (70605,706,'Duacarí');
